名稱zh,名稱en,聯賽zh,聯賽en,ATT,MID,DEF,能力,球隊評分
巴塞隆拿,FC Barcelona,西班牙足球甲組聯賽,LaLiga Santander,88,85,85,86,100
皇家馬德里,Real Madrid,西班牙足球甲組聯賽,LaLiga Santander,85,87,85,86,100
祖雲達斯,Juventus,意大利甲組足球聯賽,Serie A TIM,89,84,85,85,100
巴黎聖日耳門,Paris Saint-Germain,法國甲組足球聯賽,Ligue 1 Conforama,88,84,83,85,100
曼城,Manchester City,英格蘭足球超級聯賽,Premier League,87,86,83,85,100
利物浦,Liverpool,英格蘭足球超級聯賽,Premier League,87,83,85,85,100
拜仁慕尼黑,FC Bayern München,德國甲組足球聯賽,Bundesliga,87,85,81,84,100
馬德里體育會,Atlético Madrid,西班牙足球甲組聯賽,LaLiga Santander,81,83,82,83,100
熱刺,Tottenham Hotspur,英格蘭足球超級聯賽,Premier League,85,82,82,82,90
拿玻里,Napoli,意大利甲組足球聯賽,Serie A TIM,84,81,81,82,90
多蒙特,Borussia Dortmund,德國甲組足球聯賽,Bundesliga,83,83,82,82,90
國際米蘭,Inter,意大利甲組足球聯賽,Serie A TIM,83,80,86,82,90
曼聯,Manchester United,英格蘭足球超級聯賽,Premier League,83,81,81,81,90
拉素,Lazio,意大利甲組足球聯賽,Serie A TIM,82,81,80,81,90
華倫西亞,Valencia CF,西班牙足球甲組聯賽,LaLiga Santander,81,81,81,81,90
車路士,Chelsea,英格蘭足球超級聯賽,Premier League,80,84,81,81,90
阿仙奴,Arsenal,英格蘭足球超級聯賽,Premier League,84,82,78,80,90
RB萊比錫,RB Leipzig,德國甲組足球聯賽,Bundesliga,81,81,79,80,90
貝迪斯,Real Betis,西班牙足球甲組聯賽,LaLiga Santander,81,81,78,80,90
利華古遜,Bayer 04 Leverkusen,德國甲組足球聯賽,Bundesliga,80,80,79,80,90
西維爾,Sevilla FC,西班牙足球甲組聯賽,LaLiga Santander,79,81,80,80,90
阿積士,Ajax,荷蘭甲組足球聯賽,Eredivisie,78,81,78,80,90
AC米蘭,Milan,意大利甲組足球聯賽,Serie A TIM,85,78,79,79,90
羅馬,Roma,意大利甲組足球聯賽,Serie A TIM,84,78,78,79,90
阿特蘭大,Atalanta,意大利甲組足球聯賽,Serie A TIM,82,79,77,79,90
皇家蘇斯達,Real Sociedad,西班牙足球甲組聯賽,LaLiga Santander,81,80,77,79,90
李斯特城,Leicester City,英格蘭足球超級聯賽,Premier League,80,79,79,79,90
維拉利爾,Villarreal CF,西班牙足球甲組聯賽,LaLiga Santander,80,79,78,79,90
畢爾包,Athletic Club,西班牙足球甲組聯賽,LaLiga Santander,79,79,79,79,90
里昂,Olympique Lyonnais,法國甲組足球聯賽,Ligue 1 Conforama,79,78,77,79,90
賓菲加,SL Benfica,葡萄牙超級聯賽,Liga NOS,78,80,80,79,90
慕遜加柏,Borussia Mönchengladbach,德國甲組足球聯賽,Bundesliga,78,79,78,79,90
波圖,FC Porto,葡萄牙超級聯賽,Liga NOS,78,78,82,79,90
韋斯咸,West Ham United,英格蘭足球超級聯賽,Premier League,82,78,73,78,80
愛華頓,Everton,英格蘭足球超級聯賽,Premier League,80,78,79,78,80
馬賽,Olympique de Marseille,法國甲組足球聯賽,Ligue 1 Conforama,80,78,77,78,80
摩納哥,AS Monaco Football Club SA,法國甲組足球聯賽,Ligue 1 Conforama,80,78,76,78,80
基達菲,Getafe CF,西班牙足球甲組聯賽,LaLiga Santander,80,77,78,78,80
狼隊,Wolverhampton Wanderers,英格蘭足球超級聯賽,Premier League,79,79,78,78,80
切爾達,RC Celta,西班牙足球甲組聯賽,LaLiga Santander,80,77,76,77,80
加拉塔沙雷,Galatasaray SK,土耳其超級足球聯賽,Süper Lig,79,77,76,77,80
賀芬咸,TSG 1899 Hoffenheim,德國甲組足球聯賽,Bundesliga,79,77,75,77,80
拖連奴,Torino,意大利甲組足球聯賽,Serie A TIM,79,76,77,77,80
河床,River Plate,Libertadores,Libertadores,78,78,77,77,80
愛斯賓奴,RCD Espanyol,西班牙足球甲組聯賽,LaLiga Santander,78,78,76,77,80
伊巴,SD Eibar,西班牙足球甲組聯賽,LaLiga Santander,78,78,75,77,80
法蘭克福,Eintracht Frankfurt,德國甲組足球聯賽,Bundesliga,78,77,77,77,80
禾夫斯堡,VfL Wolfsburg,德國甲組足球聯賽,Bundesliga,77,77,78,77,80
利雲特,Levante UD,西班牙足球甲組聯賽,LaLiga Santander,77,77,76,77,80
里爾,LOSC Lille,法國甲組足球聯賽,Ligue 1 Conforama,77,77,76,77,80
雲達不萊梅,SV Werder Bremen,德國甲組足球聯賽,Bundesliga,77,76,77,77,80
屈福特,Watford,英格蘭足球超級聯賽,Premier League,76,78,75,77,80
史浩克04,FC Schalke 04,德國甲組足球聯賽,Bundesliga,76,77,76,77,80
紐卡素,Newcastle United,英格蘭足球超級聯賽,Premier League,75,78,77,77,80
水晶宮,Crystal Palace,英格蘭足球超級聯賽,Premier League,73,77,76,77,80
般尼茅夫,AFC Bournemouth,英格蘭足球超級聯賽,Premier League,78,76,76,76,80
競賽會,Racing Club,阿根廷甲組足球聯賽,SAF,78,76,75,76,80
比錫達斯,Beşiktaş JK,土耳其超級足球聯賽,Süper Lig,78,76,75,76,80
法林明高,Flamengo,Libertadores,Libertadores,78,76,74,76,80
卡利亞里,Cagliari,意大利甲組足球聯賽,Serie A TIM,78,76,73,76,80
布拉加,SC Braga,葡萄牙超級聯賽,Liga NOS,77,77,76,76,80
般尼,Burnley,英格蘭足球超級聯賽,Premier League,77,76,76,76,80
哈化柏林,Hertha BSC,德國甲組足球聯賽,Bundesliga,77,75,75,76,80
阿士東維拉,Aston Villa,英格蘭足球超級聯賽,Premier League,77,75,75,76,80
雷恩,Stade Rennais FC,法國甲組足球聯賽,Ligue 1 Conforama,76,77,76,76,80
修咸頓,Southampton,英格蘭足球超級聯賽,Premier League,76,76,76,76,80
華拉度列,R. Valladolid CF,西班牙足球甲組聯賽,LaLiga Santander,76,76,73,76,80
艾拉維斯,D. Alavés,西班牙足球甲組聯賽,LaLiga Santander,76,75,76,76,80
費倫天拿,Fiorentina,意大利甲組足球聯賽,Serie A TIM,76,74,75,76,80
小保加,Boca Juniors,Libertadores,Libertadores,75,76,76,76,80
白禮頓,Brighton & Hove Albion,英格蘭足球超級聯賽,Premier League,75,76,76,76,80
士砵亭,Sporting CP,葡萄牙超級聯賽,Liga NOS,74,77,78,76,80
布魯日,Club Brugge KV,比利時甲組足球聯賽,Pro League,73,77,77,76,80
莫斯科火車頭,Lokomotiv Moscow,世界其他地方,Rest of World,73,77,76,76,80
聖伊天,AS Saint-Étienne,法國甲組足球聯賽,Ligue 1 Conforama,73,76,75,76,80
彭美拉斯,Palmeiras,Libertadores,Libertadores,79,76,74,75,80
薩克達,Shakhtar Donetsk,世界其他地方,Rest of World,78,76,72,75,80
奧格斯堡,FC Augsburg,德國甲組足球聯賽,Bundesliga,78,74,75,75,80
蒙彼利埃,Montpellier Hérault SC,法國甲組足球聯賽,Ligue 1 Conforama,78,74,75,75,80
奧林比亞高斯,Olympiacos CFP,世界其他地方,Rest of World,77,75,73,75,80
堤格雷斯,Tigres U.A.N.L.,墨西哥超級足球聯賽,LIGA BBVA MX,77,72,75,75,80
費倫巴治,Fenerbahçe SK,土耳其超級足球聯賽,Süper Lig,76,76,73,75,80
CF格蘭納達,Granada CF,西班牙足球甲組聯賽,LaLiga Santander,76,75,75,75,80
科隆,1. FC Köln,德國甲組足球聯賽,Bundesliga,76,75,73,75,80
伊斯坦堡,Medipol Başakşehir FK,土耳其超級足球聯賽,Süper Lig,76,74,75,75,80
燕豪芬,PSV,荷蘭甲組足球聯賽,Eredivisie,75,75,76,75,80
波爾多,FC Girondins de Bordeaux,法國甲組足球聯賽,Ligue 1 Conforama,75,75,76,75,80
雷加利斯,CD Leganés,西班牙足球甲組聯賽,LaLiga Santander,75,75,75,75,80
聖保羅,São Paulo,Libertadores,Libertadores,75,75,75,75,80
烏甸尼斯,Udinese,意大利甲組足球聯賽,Serie A TIM,75,75,74,75,80
熱拿亞,Genoa,意大利甲組足球聯賽,Serie A TIM,75,74,75,75,80
緬恩斯,1. FSV Mainz 05,德國甲組足球聯賽,Bundesliga,75,73,75,75,80
尼斯,OGC Nice,法國甲組足球聯賽,Ligue 1 Conforama,74,76,74,75,80
錫菲聯,Sheffield United,英格蘭足球超級聯賽,Premier League,73,77,75,75,80
甘美奧,Grêmio,巴西甲組足球聯賽,Liga do Brasil,72,75,74,75,80
森多利亞,Sampdoria,意大利甲組足球聯賽,Serie A TIM,78,73,73,74,70
薩斯索羅,Sassuolo,意大利甲組足球聯賽,Serie A TIM,77,75,71,74,70
希拉爾,Al Hilal,沙地阿拉伯職業足球聯賽,MBS Pro League,77,75,70,74,70
明尼路,Atlético Mineiro,巴西甲組足球聯賽,Liga do Brasil,76,75,74,74,70
蒙特雷,Monterrey,墨西哥超級足球聯賽,LIGA BBVA MX,76,74,74,74,70
奧沙辛拿,CA Osasuna,西班牙足球甲組聯賽,LaLiga Santander,76,74,74,74,70
真特,KAA Gent,比利時甲組足球聯賽,Pro League,76,74,73,74,70
弗賴堡,Sport-Club Freiburg,德國甲組足球聯賽,Bundesliga,76,73,75,74,70
飛燕諾,Feyenoord,荷蘭甲組足球聯賽,Eredivisie,75,75,73,74,70
史特拉斯堡,RC Strasbourg Alsace,法國甲組足球聯賽,Ligue 1 Conforama,75,74,74,74,70
帕爾馬,Parma,意大利甲組足球聯賽,Serie A TIM,75,74,73,74,70
諾域治,Norwich City,英格蘭足球超級聯賽,Premier League,75,74,72,74,70
南特,FC Nantes,法國甲組足球聯賽,Ligue 1 Conforama,75,73,74,74,70
博洛尼亞,Bologna,意大利甲組足球聯賽,Serie A TIM,74,76,73,74,70
昂熱,Angers SCO,法國甲組足球聯賽,Ligue 1 Conforama,74,75,74,74,70
維羅納,Hellas Verona,意大利甲組足球聯賽,Serie A TIM,74,75,74,74,70
基輔戴拿模,Dynamo Kyiv,世界其他地方,Rest of World,74,75,73,74,70
些路迪,Celtic,蘇格蘭超級足球聯賽,Scottish Prem,74,75,73,74,70
莫斯科中央陸軍,PFC CSKA Moscow,世界其他地方,Rest of World,74,75,71,74,70
莫斯科斯巴達,Spartak Moscow,世界其他地方,Rest of World,74,74,74,74,70
阿爾克馬爾,AZ,荷蘭甲組足球聯賽,Eredivisie,74,74,74,74,70
獨立隊,Independiente,阿根廷甲組足球聯賽,SAF,74,73,74,74,70
國際體育會,Internacional,巴西甲組足球聯賽,Liga do Brasil,73,74,74,74,70
PAOK沙朗歷基,PAOK,世界其他地方,Rest of World,73,73,75,74,70
甘馬雷斯,Vitória Guimarães,葡萄牙超級聯賽,Liga NOS,72,74,75,74,70
安德列治,RSC Anderlecht,比利時甲組足球聯賽,Pro League,72,73,72,74,70
布拉格斯拉維亞,SK Slavia Praha,世界其他地方,Rest of World,71,74,74,74,70
安特衛普,Royal Antwerp FC,比利時甲組足球聯賽,Pro League,79,73,74,73,70
特拉布宗,Trabzonspor,土耳其超級足球聯賽,Süper Lig,77,74,72,73,70
高隆,Colón de Santa Fe,阿根廷甲組足球聯賽,SAF,76,73,72,73,70
馬略卡,RCD Mallorca,西班牙足球甲組聯賽,LaLiga Santander,76,73,72,73,70
傑羅納,Girona FC,西班牙乙組足球聯賽,LaLiga SmartBank,76,72,73,73,70
高士路,Cruzeiro,巴西甲組足球聯賽,Liga do Brasil,76,71,75,73,70
聖羅倫素,San Lorenzo de Almagro,阿根廷甲組足球聯賽,SAF,75,73,73,73,70
富咸,Fulham,英格蘭冠軍足球聯賽,EFL Championship,75,73,71,73,70
AEK雅典,AEK Athens,世界其他地方,Rest of World,75,72,72,73,70
拉魯斯,Club Atlético Lanús,阿根廷甲組足球聯賽,SAF,75,72,71,73,70
史帕爾,SPAL,意大利甲組足球聯賽,Serie A TIM,75,71,71,73,70
山度士,Santos,巴西甲組足球聯賽,Liga do Brasil,74,73,73,73,70
薩爾斯堡,FC Red Bull Salzburg,奧地利職業聯賽,Ö. Bundesliga,74,73,73,73,70
格拉斯哥流浪,Rangers FC,蘇格蘭超級足球聯賽,Scottish Prem,74,72,73,73,70
奧林比亞會,Club Olimpia,Libertadores,Libertadores,74,72,71,73,70
CF阿美利加,Club América,墨西哥超級足球聯賽,LIGA BBVA MX,74,70,71,73,70
里奧艾維,Rio Ave FC,葡萄牙超級聯賽,Liga NOS,73,74,73,73,70
列斯聯,Leeds United,英格蘭冠軍足球聯賽,EFL Championship,73,74,73,73,70
杜塞爾多夫,Fortuna Düsseldorf,德國甲組足球聯賽,Bundesliga,73,74,72,73,70
沙士菲,Vélez Sarsfield,阿根廷甲組足球聯賽,SAF,73,73,73,73,70
薩格勒布戴拿模,Dinamo Zagreb,世界其他地方,Rest of World,73,73,72,73,70
阿美恩斯,Amiens SC,法國甲組足球聯賽,Ligue 1 Conforama,73,73,71,73,70
亨克,KRC Genk,比利時甲組足球聯賽,Pro League,73,72,73,73,70
藍十字,Cruz Azul,墨西哥超級足球聯賽,LIGA BBVA MX,73,72,71,73,70
圖盧茲,Toulouse Football Club,法國甲組足球聯賽,Ligue 1 Conforama,72,74,71,73,70
西布朗,West Bromwich Albion,英格蘭冠軍足球聯賽,EFL Championship,72,74,71,73,70
布拉格斯巴達,Sparta Praha,世界其他地方,Rest of World,72,73,72,73,70
漢堡,Hamburger SV,德國乙組足球聯賽,Bundesliga 2,72,73,72,73,70
富明尼斯,Fluminense,巴西甲組足球聯賽,Liga do Brasil,71,74,72,73,70
蘭斯,Stade de Reims,法國甲組足球聯賽,Ligue 1 Conforama,71,73,73,73,70
阿蘭亞士邦,Alanyaspor,土耳其超級足球聯賽,Süper Lig,76,72,71,72,70
年青人,BSC Young Boys,瑞士超級足球聯賽,RSL,76,72,71,72,70
法馬利康,Futebol Clube de Famalicão,葡萄牙超級聯賽,Liga NOS,74,74,71,72,70
泰拿尼斯,Club Atlético Talleres,阿根廷甲組足球聯賽,SAF,74,72,70,72,70
布雷西亞,Brescia,意大利甲組足球聯賽,Serie A TIM,74,72,70,72,70
葛迪比,Göztepe SK,土耳其超級足球聯賽,Süper Lig,74,72,69,72,70
侯爾斯卡,SD Huesca,西班牙乙組足球聯賽,LaLiga SmartBank,73,72,72,72,70
薩拉戈薩,R. Zaragoza,西班牙乙組足球聯賽,LaLiga SmartBank,73,72,72,72,70
梅斯,Football Club de Metz,法國甲組足球聯賽,Ligue 1 Conforama,73,72,72,72,70
諾定咸森林,Nottingham Forest,英格蘭冠軍足球聯賽,EFL Championship,73,72,72,72,70
保地花高,Botafogo,巴西甲組足球聯賽,Liga do Brasil,73,72,71,72,70
哥本哈根,FC København,丹麥超級足球聯賽,3F Superliga,73,72,70,72,70
柏林聯,1. FC Union Berlin,德國甲組足球聯賽,Bundesliga,73,71,73,72,70
賓福特,Brentford,英格蘭冠軍足球聯賽,EFL Championship,73,71,72,72,70
巴素利 1893,FC Basel 1893,瑞士超級足球聯賽,RSL,73,71,72,72,70
天主教大學,Universidad Católica,智利甲組足球聯賽,Camp. AFP PlanVital,73,70,72,72,70
史特加,VfB Stuttgart,德國乙組足球聯賽,Bundesliga 2,73,70,69,72,70
標準列治,Standard de Liège,比利時甲組足球聯賽,Pro League,72,74,72,72,70
比爾森勝利,Viktoria Plzeň,世界其他地方,Rest of World,72,73,72,72,70
比斯特,Stade Brestois 29,法國甲組足球聯賽,Ligue 1 Conforama,72,72,72,72,70
防衛者,Defensa y Justicia,阿根廷甲組足球聯賽,SAF,72,72,71,72,70
迪安,Dijon FCO,法國甲組足球聯賽,Ligue 1 Conforama,72,72,70,72,70
萊切,Lecce,意大利甲組足球聯賽,Serie A TIM,72,71,72,72,70
漢諾威,Hannover 96,德國乙組足球聯賽,Bundesliga 2,72,71,71,72,70
高路高路,Colo-Colo,Libertadores,Libertadores,72,68,73,72,70
拿根亞,Santos Laguna,墨西哥超級足球聯賽,LIGA BBVA MX,71,72,70,72,70
卡迪夫城,Cardiff City,英格蘭冠軍足球聯賽,EFL Championship,71,71,71,72,70
學生隊,Estudiantes de La Plata,阿根廷甲組足球聯賽,SAF,70,74,72,72,70
烏德勒支,FC Utrecht,荷蘭甲組足球聯賽,Eredivisie,70,73,70,72,70
華歷簡奴,Rayo Vallecano,西班牙乙組足球聯賽,LaLiga SmartBank,69,71,71,72,70
利昂,Club León,墨西哥超級足球聯賽,LIGA BBVA MX,66,73,71,72,70
艾拿沙,Al Nassr,沙地阿拉伯職業足球聯賽,MBS Pro League,79,72,69,71,70
吉達艾阿里,Al Ahli,沙地阿拉伯職業足球聯賽,MBS Pro League,77,72,69,71,70
廣州恆大淘寶足球俱樂部,Guangzhou Evergrande Taobao FC,中國超級足球聯賽,CSL,77,71,68,71,70
FC多倫多,Toronto FC,美國職業足球聯賽盃,MLS,75,72,69,71,70
西雅圖海灣者,Seattle Sounders FC,美國職業足球聯賽盃,MLS,73,73,69,71,70
羅沙里奧中央,Rosario Central,阿根廷甲組足球聯賽,SAF,73,71,72,71,70
彭拿典奈高斯,Panathinaikos FC,世界其他地方,Rest of World,73,71,70,71,70
安塔利亞,Antalyaspor,土耳其超級足球聯賽,Süper Lig,73,71,69,71,70
阿美利加,América de Cali,哥倫比亞甲組足球聯賽,Liga Dimayor,73,69,69,71,70
肯薩斯體育會,Sporting Kansas City,美國職業足球聯賽盃,MLS,72,73,70,71,70
戈亞斯,Goiás,巴西甲組足球聯賽,Liga do Brasil,72,72,71,71,70
波特蘭伐木者,Portland Timbers,美國職業足球聯賽盃,MLS,72,72,70,71,70
華斯高,Vasco da Gama,Sudamericana,Sudamericana,72,71,73,71,70
布里斯托城,Bristol City,英格蘭冠軍足球聯賽,EFL Championship,72,71,71,71,70
摩里倫斯,Moreirense FC,葡萄牙超級聯賽,Liga NOS,72,71,71,71,70
聖達菲聯,Unión de Santa Fe,阿根廷甲組足球聯賽,SAF,72,71,70,71,70
迪祖亞拿,Club Tijuana,墨西哥超級足球聯賽,LIGA BBVA MX,72,71,70,71,70
加辛塔BB,Gazişehir Gaziantep Futbol Kulübü,土耳其超級足球聯賽,Süper Lig,72,71,70,71,70
尼姆,Nîmes Olympique,法國甲組足球聯賽,Ligue 1 Conforama,72,70,72,71,70
托盧卡,Deportivo Toluca,墨西哥超級足球聯賽,LIGA BBVA MX,72,70,69,71,70
彭拿路,Club Atlético Peñarol,Libertadores,Libertadores,72,69,69,71,70
阿拉戈亞諾,Centro Sportivo Alagoano,巴西甲組足球聯賽,Liga do Brasil,71,72,71,71,70
沙蘭迪兵工廠,Arsenal de Sarandí,阿根廷甲組足球聯賽,SAF,71,72,71,71,70
班菲特,Club Atlético Banfield,阿根廷甲組足球聯賽,SAF,71,72,69,71,70
賓尼雲圖,Benevento,意大利足球乙組聯賽,Calcio B,71,71,71,71,70
打比郡,Derby County,英格蘭冠軍足球聯賽,EFL Championship,71,71,71,71,70
基維辛迪,Gil Vicente FC,葡萄牙超級聯賽,Liga NOS,71,71,70,71,70
瓜達拉哈拉,Guadalajara,墨西哥超級足球聯賽,LIGA BBVA MX,71,71,70,71,70
紐倫堡,1. FC Nürnberg,德國乙組足球聯賽,Bundesliga 2,71,71,70,71,70
帕丘卡,Pachuca,墨西哥超級足球聯賽,LIGA BBVA MX,71,71,69,71,70
錫周三,Sheffield Wednesday,英格蘭冠軍足球聯賽,EFL Championship,71,71,69,71,70
卡迪斯,Cádiz CF,西班牙乙組足球聯賽,LaLiga SmartBank,70,72,71,71,70
巴希亞,Bahia,巴西甲組足球聯賽,Liga do Brasil,70,72,71,71,70
帕拉尼恩斯,Club Athletico Paranaense,巴西甲組足球聯賽,Liga do Brasil,70,71,72,71,70
博維斯塔,Boavista FC,葡萄牙超級聯賽,Liga NOS,70,71,71,71,70
普雷斯頓,Preston North End,英格蘭冠軍足球聯賽,EFL Championship,70,71,71,71,70
艾美利亞,UD Almería,西班牙乙組足球聯賽,LaLiga SmartBank,70,71,70,71,70
查內爾,Sporting Charleroi,比利時甲組足球聯賽,Pro League,70,71,70,71,70
里澤,Çaykur Rizespor,土耳其超級足球聯賽,Süper Lig,70,71,69,71,70
施華斯堡,Sivasspor,土耳其超級足球聯賽,Süper Lig,70,70,70,71,70
克盧日,CFR Cluj,羅馬尼亞甲組足球聯賽,Liga I,70,68,71,71,70
哥倫布機員,Columbus Crew SC,美國職業足球聯賽盃,MLS,69,72,70,71,70
查比高恩斯,Chapecoense,巴西甲組足球聯賽,Liga do Brasil,69,71,71,71,70
紐維爾舊生,Newell's Old Boys,阿根廷甲組足球聯賽,SAF,69,71,71,71,70
史篤城,Stoke City,英格蘭冠軍足球聯賽,EFL Championship,69,71,71,71,70
洛杉磯銀河,LA Galaxy,美國職業足球聯賽盃,MLS,78,72,66,70,60
亞特蘭大聯,Atlanta United,美國職業足球聯賽盃,MLS,77,67,68,70,60
華盛頓聯隊,D.C. United,美國職業足球聯賽盃,MLS,75,70,69,70,60
德尼茲利,Denizlispor,土耳其超級足球聯賽,Süper Lig,74,70,70,70,60
青年體育會,Junior FC,哥倫比亞甲組足球聯賽,Liga Dimayor,74,69,68,70,60
莫雷利亞,Monarcas Morelia,墨西哥超級足球聯賽,LIGA BBVA MX,73,72,69,70,60
洛杉磯FC,LAFC,美國職業足球聯賽盃,MLS,73,72,67,70,60
海登咸,1. FC Heidenheim 1846,德國乙組足球聯賽,Bundesliga 2,73,71,70,70,60
布力般流浪,Blackburn Rovers,英格蘭冠軍足球聯賽,EFL Championship,73,70,70,70,60
蒙特维多國民隊,Club Nacional de Football,Libertadores,Libertadores,73,70,69,70,60
真格拿拜列治,Gençlerbirliği SK,土耳其超級足球聯賽,Süper Lig,73,70,69,70,60
卡森柏沙,Kasimpaşa SK,土耳其超級足球聯賽,Süper Lig,72,71,68,70,60
圖庫曼體育會,Atlético Tucumán,阿根廷甲組足球聯賽,SAF,72,70,69,70,60
費辛隆尼,Frosinone,意大利足球乙組聯賽,Calcio B,72,69,70,70,60
高耶,Konyaspor,土耳其超級足球聯賽,Süper Lig,72,69,70,70,60
卡薩酋長,Kaizer Chiefs,世界其他地方,Rest of World,72,69,68,70,60
布加勒斯特星隊,Fotbal Club FCSB,羅馬尼亞甲組足球聯賽,Liga I,72,68,69,70,60
小阿根廷人,Argentinos Juniors,阿根廷甲組足球聯賽,SAF,72,67,71,70,60
伯明翰,Birmingham City,英格蘭冠軍足球聯賽,EFL Championship,71,71,71,70,60
華雷根,SV Zulte Waregem,比利時甲組足球聯賽,Pro League,71,71,69,70,60
樸迪莫倫斯,Portimonense SC,葡萄牙超級聯賽,Liga NOS,71,71,69,70,60
比勒費爾德,DSC Arminia Bielefeld,德國乙組足球聯賽,Bundesliga 2,71,71,69,70,60
維迪斯,Vitesse,荷蘭甲組足球聯賽,Eredivisie,71,70,69,70,60
拉科魯尼亞,RC Deportivo,西班牙乙組足球聯賽,LaLiga SmartBank,71,70,68,70,60
蔚山現代,Ulsan Hyundai Horang-i,韓國職業足球聯賽,K-League 1,71,69,69,70,60
羅連安特,FC Lorient,法國乙組足球聯賽,Domino’s Ligue 2,71,69,69,70,60
安玻里,Empoli,意大利足球乙組聯賽,Calcio B,71,68,70,70,60
艾華爾,Avaí,巴西甲組足球聯賽,Liga do Brasil,70,71,71,70,60
雷丁,Reading,英格蘭冠軍足球聯賽,EFL Championship,70,71,70,70,60
米杜士堡,Middlesbrough,英格蘭冠軍足球聯賽,EFL Championship,70,71,70,70,60
馬拉提斯堡,Yeni Malatyaspor,土耳其超級足球聯賽,Süper Lig,70,71,69,70,60
利伯泰迪,Club Libertad,Libertadores,Libertadores,70,70,71,70,60
寧斯,LASK Linz,奧地利職業聯賽,Ö. Bundesliga,70,70,71,70,60
哈德斯菲爾德,Huddersfield Town,英格蘭冠軍足球聯賽,EFL Championship,70,70,70,70,60
希杭,R. Sporting,西班牙乙組足球聯賽,LaLiga SmartBank,70,70,70,70,60
馬拉加,Málaga CF,西班牙乙組足球聯賽,LaLiga SmartBank,70,70,69,70,60
拉斯彭馬斯,UD Las Palmas,西班牙乙組足球聯賽,LaLiga SmartBank,70,70,69,70,60
克雷塔羅,Gallos Blancos de Querétaro,墨西哥超級足球聯賽,LIGA BBVA MX,70,70,67,70,60
普埃布拉,Puebla,墨西哥超級足球聯賽,LIGA BBVA MX,70,70,65,70,60
馬里迪莫,Marítimo,葡萄牙超級聯賽,Liga NOS,70,69,71,70,60
卡塞利,Kayserispor,土耳其超級足球聯賽,Süper Lig,70,69,70,70,60
阿特拿斯,Club Atlas,墨西哥超級足球聯賽,LIGA BBVA MX,70,69,69,70,60
MKE安卡拉高古,MKE Ankaragücü,土耳其超級足球聯賽,Süper Lig,70,68,70,70,60
紐約城,New York City FC,美國職業足球聯賽盃,MLS,69,71,71,70,60
塞圖巴爾,Vitória Setúbal,葡萄牙超級聯賽,Liga NOS,69,70,70,70,60
米禾爾,Millwall,英格蘭冠軍足球聯賽,EFL Championship,69,70,70,70,60
辛達卡拉,Santa Clara,葡萄牙超級聯賽,Liga NOS,69,70,69,70,60
甘拿斯亞,Gimnasia y Esgrima La Plata,阿根廷甲組足球聯賽,SAF,69,69,70,70,60
紐約紅牛,New York Red Bulls,美國職業足球聯賽盃,MLS,69,69,70,70,60
馬模,Malmö FF,瑞典超級足球聯賽,Allsvenskan,68,72,69,70,60
福塔雷薩,Fortaleza,巴西甲組足球聯賽,Liga do Brasil,68,71,70,70,60
國民體育會,Atlético Nacional,哥倫比亞甲組足球聯賽,Liga Dimayor,68,70,71,70,60
全北汽車,Jeonbuk Hyundai Motors,韓國職業足球聯賽,K-League 1,68,70,71,70,60
史雲斯,Swansea City,英格蘭冠軍足球聯賽,EFL Championship,67,71,69,70,60
颶風隊,Club Atlético Huracán,阿根廷甲組足球聯賽,SAF,67,67,67,70,60
尼卡沙,Club Necaxa,墨西哥超級足球聯賽,LIGA BBVA MX,75,68,68,69,60
北京中赫國安足球俱樂部,Beijing Sinobo Guoan FC,中國超級足球聯賽,CSL,74,69,67,69,60
科羅拉多急流,Colorado Rapids,美國職業足球聯賽盃,MLS,74,69,67,69,60
艾爾切,Elche CF,西班牙乙組足球聯賽,LaLiga SmartBank,74,69,67,69,60
朗斯,Racing Club de Lens,法國乙組足球聯賽,Domino’s Ligue 2,72,69,69,69,60
川崎前鋒,Kawasaki Frontale,日本職業足球甲組聯賽,Meiji Yasuda J1,72,69,68,69,60
莫迪,Molde FK,挪威超級足球聯賽,Eliteserien,72,69,68,69,60
普馬斯,U.N.A.M.,墨西哥超級足球聯賽,LIGA BBVA MX,72,69,67,69,60
芝加哥火焰,Chicago Fire Soccer Club,美國職業足球聯賽盃,MLS,72,67,67,69,60
上海上港集團足球俱樂部,Shanghai SIPG FC,中國超級足球聯賽,CSL,71,73,66,69,60
蒙特利爾衝擊,Impact Montréal,美國職業足球聯賽盃,MLS,71,72,64,69,60
基爾禾,Chievo Verona,意大利足球乙組聯賽,Calcio B,71,70,68,69,60
甘岡,En Avant Guingamp,法國乙組足球聯賽,Domino’s Ligue 2,71,69,69,69,60
昆士柏流浪,Queens Park Rangers,英格蘭冠軍足球聯賽,EFL Championship,71,69,69,69,60
新英倫革命,New England Revolution,美國職業足球聯賽盃,MLS,71,69,68,69,60
海倫芬,SC Heerenveen,荷蘭甲組足球聯賽,Eredivisie,71,69,67,69,60
波琴,VfL Bochum 1848,德國乙組足球聯賽,Bundesliga 2,71,68,69,69,60
鹿島鹿角,Kashima Antlers,日本職業足球甲組聯賽,Meiji Yasuda J1,71,68,66,69,60
神戶勝利船,Vissel Kobe,日本職業足球甲組聯賽,Meiji Yasuda J1,70,70,71,69,60
橫濱水手,Yokohama F・Marinos,日本職業足球甲組聯賽,Meiji Yasuda J1,70,70,69,69,60
柏達邦,SC Paderborn 07,德國甲組足球聯賽,Bundesliga,70,70,69,69,60
特內里費,CD Tenerife,西班牙乙組足球聯賽,LaLiga SmartBank,70,70,69,69,60
FC達拉斯,FC Dallas,美國職業足球聯賽盃,MLS,70,69,70,69,60
辛辛那提 FC,FC Cincinnati,美國職業足球聯賽盃,MLS,70,69,69,69,60
華雷斯,Fútbol Club Juárez,墨西哥超級足球聯賽,LIGA BBVA MX,70,69,69,69,60
聖路易斯,Club Atlético de San Luis,墨西哥超級足球聯賽,LIGA BBVA MX,70,69,69,69,60
梅斯干,Royal Excel Mouscron,比利時甲組足球聯賽,Pro League,70,69,69,69,60
達斯泰特,SV Darmstadt 98,德國乙組足球聯賽,Bundesliga 2,70,69,69,69,60
維也納迅速,SK Rapid Wien,奧地利職業聯賽,Ö. Bundesliga,70,69,69,69,60
費城聯,Philadelphia Union,美國職業足球聯賽盃,MLS,70,69,68,69,60
奧伊彭,KAS Eupen,比利時甲組足球聯賽,Pro League,70,69,68,69,60
聖保利,FC St. Pauli,德國乙組足球聯賽,Bundesliga 2,70,69,67,69,60
哈馬比,Hammarby IF,瑞典超級足球聯賽,Allsvenskan,70,69,67,69,60
梅赫倫,KV Mechelen,比利時甲組足球聯賽,Pro League,70,69,66,69,60
大阪飛腳,Gamba Osaka,日本職業足球甲組聯賽,Meiji Yasuda J1,70,68,70,69,60
格拉茨,SK Sturm Graz,奧地利職業聯賽,Ö. Bundesliga,70,68,69,69,60
艾高干,AD Alcorcón,西班牙乙組足球聯賽,LaLiga SmartBank,70,67,69,69,60
葛度爾古斯,Godoy Cruz,阿根廷甲組足球聯賽,SAF,70,66,68,69,60
浦和紅鑽,Urawa Red Diamonds,日本職業足球甲組聯賽,Meiji Yasuda J1,70,66,68,69,60
佩魯賈,Perugia,意大利足球乙組聯賽,Calcio B,70,65,70,69,60
聖荷西地震,San Jose Earthquakes,美國職業足球聯賽盃,MLS,69,70,69,69,60
費利拿,FC Paços de Ferreira,葡萄牙超級聯賽,Liga NOS,69,70,68,69,60
色格拉布魯日,KSV Cercle Brugge,比利時甲組足球聯賽,Pro League,69,70,67,69,60
阿爾巴塞特,Albacete BP,西班牙乙組足球聯賽,LaLiga SmartBank,69,69,69,69,60
奧斯坦德,KV Oostende,比利時甲組足球聯賽,Pro League,69,69,69,69,60
特魯瓦,ESTAC Troyes,法國乙組足球聯賽,Domino’s Ligue 2,69,69,69,69,60
奧維多,R. Oviedo,西班牙乙組足球聯賽,LaLiga SmartBank,69,69,68,69,60
克羅托內,Crotone,意大利足球乙組聯賽,Calcio B,69,69,67,69,60
米倫拿列奧,Millonarios FC,哥倫比亞甲組足球聯賽,Liga Dimayor,69,69,64,69,60
辛特侯遜,SV Sandhausen,德國乙組足球聯賽,Bundesliga 2,69,68,70,69,60
唐迪拉,CD Tondela,葡萄牙超級聯賽,Liga NOS,69,68,69,69,60
大阪櫻花,Cerezo Osaka,日本職業足球甲組聯賽,Meiji Yasuda J1,69,68,69,69,60
韋根,Wigan Athletic,英格蘭冠軍足球聯賽,EFL Championship,69,68,69,69,60
比蘭倫斯,Belenenses,葡萄牙超級聯賽,Liga NOS,69,67,69,69,60
FC東京,F.C. Tokyo,日本職業足球甲組聯賽,Meiji Yasuda J1,68,70,69,69,60
威廉二世,Willem II,荷蘭甲組足球聯賽,Eredivisie,68,70,68,69,60
哥治,KV Kortrijk,比利時甲組足球聯賽,Pro League,68,69,68,69,60
查爾頓,Charlton Athletic,英格蘭冠軍足球聯賽,EFL Championship,68,69,67,69,60
洛辛堡,Rosenborg BK,挪威超級足球聯賽,Eliteserien,68,68,70,69,60
迪華利獨立隊,Independiente del Valle,Libertadores,Libertadores,67,72,68,69,60
侯斯頓戴拿模,Houston Dynamo,美國職業足球聯賽盃,MLS,67,71,69,69,60
米迪蘭特,FC Midtjylland,丹麥超級足球聯賽,3F Superliga,67,69,70,69,60
杜利馬,Deportes Tolima,哥倫比亞甲組足球聯賽,Liga Dimayor,67,69,69,69,60
特雷斯登,SG Dynamo Dresden,德國乙組足球聯賽,Bundesliga 2,67,69,69,69,60
佩斯卡拉,Pescara,意大利足球乙組聯賽,Calcio B,67,68,65,69,60
山東魯能泰山足球俱樂部,Shandong Luneng TaiShan FC,中國超級足球聯賽,CSL,76,68,65,68,50
艾阿恩,Al Ain FC,世界其他地方,Rest of World,75,70,65,68,50
艾沙比,Al Shabab,沙地阿拉伯職業足球聯賽,MBS Pro League,73,71,65,68,50
溫哥華白帽,Vancouver Whitecaps FC,美國職業足球聯賽盃,MLS,72,68,68,68,50
荷華高斯,Heracles Almelo,荷蘭甲組足球聯賽,Eredivisie,72,68,66,68,50
水原三星,Suwon Samsung Bluewings,韓國職業足球聯賽,K-League 1,72,68,66,68,50
韋恩,SV Wehen Wiesbaden,德國乙組足球聯賽,Bundesliga 2,72,67,67,68,50
皇家鹽湖城,Real Salt Lake,美國職業足球聯賽盃,MLS,71,69,67,68,50
邦弗拉甸拿,SD Ponferradina,西班牙乙組足球聯賽,LaLiga SmartBank,71,68,67,68,50
勒哈弗爾,Havre Athletic Club,法國乙組足球聯賽,Domino’s Ligue 2,71,67,67,68,50
艾斯特拉,Asociația Fotbal Club Astra Giurgiu,羅馬尼亞甲組足球聯賽,Liga I,70,69,68,68,50
上海綠地申花足球俱樂部,Shanghai Greenland Shenhua FC,中國超級足球聯賽,CSL,70,69,64,68,50
聖達菲,Independiente Santa Fe,哥倫比亞甲組足球聯賽,Liga Dimayor,70,68,68,68,50
智利大學,Universidad de Chile,智利甲組足球聯賽,Camp. AFP PlanVital,70,68,68,68,50
歐塞爾,AJ Auxerre,法國乙組足球聯賽,Domino’s Ligue 2,70,68,68,68,50
奧蘭多城,Orlando City Soccer Club,美國職業足球聯賽盃,MLS,70,68,66,68,50
伊蒂哈德,Al Ittihad,沙地阿拉伯職業足球聯賽,MBS Pro League,70,68,66,68,50
名古屋鯨魚,Nagoya Grampus,日本職業足球甲組聯賽,Meiji Yasuda J1,70,68,65,68,50
北海道札幌岡薩多,Hokkaido Consadole Sapporo,日本職業足球甲組聯賽,Meiji Yasuda J1,70,67,70,68,50
麥德林獨立,Independiente Medellín,哥倫比亞甲組足球聯賽,Liga Dimayor,70,67,68,68,50
格雷特霍夫,SpVgg Greuther Fürth,德國乙組足球聯賽,Bundesliga 2,70,67,67,68,50
維拿迪馬愛華頓,CD Everton de Viña del Mar,智利甲組足球聯賽,Camp. AFP PlanVital,70,67,65,68,50
歷基亞,Legia Warszawa,波蘭甲組足球聯賽,PKO Ekstraklasa,69,70,68,68,50
AIK蘇納,AIK,瑞典超級足球聯賽,Allsvenskan,69,70,65,68,50
史柏斯亞,La Spezia,意大利足球乙組聯賽,Calcio B,69,69,66,68,50
FC首爾,FC Seoul,韓國職業足球聯賽,K-League 1,69,69,63,68,50
卡達斯,Once Caldas,哥倫比亞甲組足球聯賽,Liga Dimayor,69,68,68,68,50
奧厄,FC Erzgebirge Aue,德國乙組足球聯賽,Bundesliga 2,69,68,68,68,50
安曼,FC Emmen,荷蘭甲組足球聯賽,Eredivisie,69,68,67,68,50
盧頓,Luton Town,英格蘭冠軍足球聯賽,EFL Championship,69,68,67,68,50
川迪,FC Twente,荷蘭甲組足球聯賽,Eredivisie,69,68,67,68,50
卡爾斯魯厄,Karlsruher SC,德國乙組足球聯賽,Bundesliga 2,69,68,67,68,50
基爾,Holstein Kiel,德國乙組足球聯賽,Bundesliga 2,69,68,67,68,50
埃克達馬度拉,Extremadura UD,西班牙乙組足球聯賽,LaLiga SmartBank,69,68,67,68,50
塔亞文,Al Taawoun,沙地阿拉伯職業足球聯賽,MBS Pro League,69,68,66,68,50
薩雷諾,Salerno,意大利足球乙組聯賽,Calcio B,69,68,66,68,50
米蘭迪斯,CD Mirandés,西班牙乙組足球聯賽,LaLiga SmartBank,69,68,66,68,50
比納干奴,Deportivo Binacional,Libertadores,Libertadores,69,67,67,68,50
卡拉雷聯,Unión La Calera,智利甲組足球聯賽,Camp. AFP PlanVital,69,66,68,68,50
廣島三箭,Sanfrecce Hiroshima,日本職業足球甲組聯賽,Meiji Yasuda J1,68,69,68,68,50
富恩拉夫拉達,CF Fuenlabrada,西班牙乙組足球聯賽,LaLiga SmartBank,68,69,68,68,50
FC巴黎,Paris FC,法國乙組足球聯賽,Domino’s Ligue 2,68,69,65,68,50
侯城,Hull City,英格蘭冠軍足球聯賽,EFL Championship,68,68,69,68,50
克雷莫拿,Cremona,意大利足球乙組聯賽,Calcio B,68,68,68,68,50
阿斯科利,Ascoli,意大利足球乙組聯賽,Calcio B,68,68,68,68,50
聖圖爾登,Sint-Truidense VV,比利時甲組足球聯賽,Pro League,68,68,68,68,50
紐文西亞,CD Numancia,西班牙乙組足球聯賽,LaLiga SmartBank,68,68,68,68,50
海牙,ADO Den Haag,荷蘭甲組足球聯賽,Eredivisie,68,68,65,68,50
波代諾內,Pordenone,意大利足球乙組聯賽,Calcio B,68,67,69,68,50
帕托拿圖,Patronato,阿根廷甲組足球聯賽,SAF,68,67,68,68,50
阿度斯維,Club Atlético Aldosivi,阿根廷甲組足球聯賽,SAF,68,67,67,68,50
奧蘭多海盜,Orlando Pirates,世界其他地方,Rest of World,68,67,67,68,50
比薩,Pisa,意大利足球乙組聯賽,Calcio B,68,67,67,68,50
赫斯,Heart of Midlothian,蘇格蘭超級足球聯賽,Scottish Prem,68,65,68,68,50
利加大學,LDU Quito,Libertadores,Libertadores,67,69,66,68,50
禾夫斯貝加,Wolfsberger AC,奧地利職業聯賽,Ö. Bundesliga,67,68,68,68,50
盧高,CD Lugo,西班牙乙組足球聯賽,LaLiga SmartBank,67,68,68,68,50
奧斯納布魯克,VfL Osnabrück,德國乙組足球聯賽,Bundesliga 2,67,68,68,68,50
鴨巴甸,Aberdeen,蘇格蘭超級足球聯賽,Scottish Prem,67,68,68,68,50
威尼斯亞,Venezia,意大利足球乙組聯賽,Calcio B,67,68,66,68,50
卡昂,Stade Malherbe Caen,法國乙組足球聯賽,Domino’s Ligue 2,67,67,67,68,50
CS 卡拉奧華大學,U Craiova 1948 Club Sportiv,羅馬尼亞甲組足球聯賽,Liga I,66,69,68,68,50
明尼蘇達聯,Minnesota United FC,美國職業足球聯賽盃,MLS,65,70,68,68,50
施亞拉體育會,Ceará Sporting Club,巴西甲組足球聯賽,Liga do Brasil,64,70,69,68,50
江蘇蘇寧足球俱樂部蘇寧易購隊,Jiangsu Suning FC,中國超級足球聯賽,CSL,76,64,65,67,50
伊基達,La Equidad,哥倫比亞甲組足球聯賽,Liga Dimayor,73,66,65,67,50
克拉科維亞,Cracovia,波蘭甲組足球聯賽,PKO Ekstraklasa,72,67,67,67,50
華倫西恩斯,Valenciennes FC,法國乙組足球聯賽,Domino’s Ligue 2,70,65,67,67,50
奧地利維也納,FK Austria Wien,奧地利職業聯賽,Ö. Bundesliga,69,67,66,67,50
中央科爾多瓦,Club Atlético Central Córdoba,阿根廷甲組足球聯賽,SAF,69,67,64,67,50
奧希金斯,CD O'Higgins,智利甲組足球聯賽,Camp. AFP PlanVital,69,67,64,67,50
Guaraní (Paraguay),Guaraní (Paraguay),Libertadores,Libertadores,69,67,64,67,50
Barcelona Guayaquil,Barcelona Guayaquil,Libertadores,Libertadores,69,66,68,67,50
阿爾堡,Aalborg BK,丹麥超級足球聯賽,3F Superliga,69,66,66,67,50
廣州富力足球俱樂部,Guangzhou R&F FC,中國超級足球聯賽,CSL,69,66,65,67,50
阿古拿斯,Rionegro Águilas,哥倫比亞甲組足球聯賽,Liga Dimayor,69,66,64,67,50
清水心跳,Shimizu S-Pulse,日本職業足球甲組聯賽,Meiji Yasuda J1,69,65,65,67,50
柏利斯天奴,CD Palestino,智利甲組足球聯賽,Camp. AFP PlanVital,68,69,64,67,50
施禾利,PEC Zwolle,荷蘭甲組足球聯賽,Eredivisie,68,68,67,67,50
艾維斯,Desportivo das Aves,葡萄牙超級聯賽,Liga NOS,68,68,67,67,50
喜伯年,Hibernian,蘇格蘭超級足球聯賽,Scottish Prem,68,68,66,67,50
玻利維亞,Club Bolívar,Libertadores,Libertadores,68,68,65,67,50
科森察,Cosenza,意大利足球乙組聯賽,Calcio B,68,67,67,67,50
格勒諾布爾 38,Grenoble Foot 38,法國乙組足球聯賽,Domino’s Ligue 2,68,67,67,67,50
邦比,Brøndby IF,丹麥超級足球聯賽,3F Superliga,68,67,66,67,50
基亞瓦里,Chiavari,意大利足球乙組聯賽,Calcio B,67,70,65,67,50
利馬聯,Club Alianza Lima,Libertadores,Libertadores,67,69,67,67,50
桑坦德,Real Racing Club,西班牙乙組足球聯賽,LaLiga SmartBank,67,68,67,67,50
班士利,Barnsley,英格蘭冠軍足球聯賽,EFL Championship,67,68,66,67,50
薛達迪拿,Cittadella,意大利足球乙組聯賽,Calcio B,67,67,68,67,50
雷根斯堡足球俱樂部,SSV Jahn Regensburg,德國乙組足球聯賽,Bundesliga 2,67,67,68,67,50
維托奴,Fotbal Club Viitorul Constanța,羅馬尼亞甲組足球聯賽,Liga I,67,67,67,67,50
索察,FC Sochaux-Montbéliard,法國乙組足球聯賽,Domino’s Ligue 2,67,67,67,67,50
新特蘭,Sunderland,英格蘭甲組足球聯賽,EFL League One,67,67,67,67,50
馬瑟韋爾,Motherwell,蘇格蘭超級足球聯賽,Scottish Prem,67,67,66,67,50
艾美歷克,CS Emelec,Sudamericana,Sudamericana,67,67,64,67,50
皮亞斯,Piast Gliwice,波蘭甲組足球聯賽,PKO Ekstraklasa,67,66,68,67,50
列治普斯納,Lech Poznań,波蘭甲組足球聯賽,PKO Ekstraklasa,67,66,68,67,50
卡利,Deportivo Cali,哥倫比亞甲組足球聯賽,Liga Dimayor,67,66,67,67,50
克萊蒙特,Clermont Foot 63,法國乙組足球聯賽,Domino’s Ligue 2,67,66,67,67,50
祖華史塔比亞,Castellammare di Stabia,意大利足球乙組聯賽,Calcio B,67,66,66,67,50
大分三神,Oita Trinita,日本職業足球甲組聯賽,Meiji Yasuda J1,67,65,68,67,50
列治亞,Lechia Gdańsk,波蘭甲組足球聯賽,PKO Ekstraklasa,67,65,68,67,50
仙台維加泰,Vegalta Sendai,日本職業足球甲組聯賽,Meiji Yasuda J1,67,65,66,67,50
浦項製鐵,Pohang Steelers,韓國職業足球聯賽,K-League 1,66,69,65,67,50
伊蒂法克,Ettifaq FC,沙地阿拉伯職業足球聯賽,MBS Pro League,66,69,64,67,50
濟州聯,Jeju United FC,韓國職業足球聯賽,K-League 1,66,68,65,67,50
佐加頓斯,Djurgårdens IF,瑞典超級足球聯賽,Allsvenskan,66,67,69,67,50
利佛諾,Livorno,意大利足球乙組聯賽,Calcio B,66,67,67,67,50
白蘭恩,SK Brann,挪威超級足球聯賽,Eliteserien,66,66,66,67,50
哥甘保,Coquimbo Unido,智利甲組足球聯賽,Camp. AFP PlanVital,66,64,64,67,50
琉森,FC Luzern,瑞士超級足球聯賽,RSL,65,67,67,67,50
積基朗尼亞,Jagiellonia Białystok,波蘭甲組足球聯賽,PKO Ekstraklasa,64,68,67,67,50
克拉科夫,Wisła Kraków,波蘭甲組足球聯賽,PKO Ekstraklasa,64,67,67,67,50
基爾馬諾克,Kilmarnock,蘇格蘭超級足球聯賽,Scottish Prem,64,67,67,67,50
格羅寧根,FC Groningen,荷蘭甲組足球聯賽,Eredivisie,62,67,68,67,50
墨爾本城,Melbourne City,澳洲職業足球聯賽,Hyundai A-League,71,67,65,66,40
威靈頓鳳凰,Wellington Phoenix,澳洲職業足球聯賽,Hyundai A-League,71,66,67,66,40
尼奧特,Chamois Niortais Football Club,法國乙組足球聯賽,Domino’s Ligue 2,70,65,64,66,40
珀斯光輝,Perth Glory,澳洲職業足球聯賽,Hyundai A-League,69,67,66,66,40
FC悉尼,Sydney FC,澳洲職業足球聯賽,Hyundai A-League,68,68,65,66,40
艾費哈,Al Fayha,沙地阿拉伯職業足球聯賽,MBS Pro League,68,68,63,66,40
加斯梅登,Clubul Sportiv Gaz Metan Mediaș,羅馬尼亞甲組足球聯賽,Liga I,68,67,66,66,40
阿曉斯,Aarhus AGF,丹麥超級足球聯賽,3F Superliga,68,67,66,66,40
伊基克,Deportes Iquique,智利甲組足球聯賽,Camp. AFP PlanVital,68,66,66,66,40
特拉帕尼,Trapani,意大利足球乙組聯賽,Calcio B,68,66,65,66,40
彼德堡,Peterborough United,英格蘭甲組足球聯賽,EFL League One,68,66,65,66,40
SC 迪爾芬,Delfín Sporting Club,Libertadores,Libertadores,68,66,63,66,40
安圖法加斯達,CD Antofagasta,智利甲組足球聯賽,Camp. AFP PlanVital,68,65,65,66,40
阿爾華達,Al Wehda,沙地阿拉伯職業足球聯賽,MBS Pro League,67,68,65,66,40
諾高平,IFK Norrköping,瑞典超級足球聯賽,Allsvenskan,67,68,64,66,40
鹿特丹斯巴達,Sparta Rotterdam,荷蘭甲組足球聯賽,Eredivisie,67,67,66,66,40
艾斯堡,Esbjerg fB,丹麥超級足球聯賽,3F Superliga,67,67,65,66,40
奧丹斯,Odense Boldklub,丹麥超級足球聯賽,3F Superliga,67,66,67,66,40
阿爾費薩里,Al Faisaly,沙地阿拉伯職業足球聯賽,MBS Pro League,67,66,66,66,40
恩高斯達特,FC Ingolstadt 04,德國丙組,3. Liga,67,66,66,66,40
盧加諾,FC Lugano,瑞士超級足球聯賽,RSL,67,66,66,66,40
布倫瑞克,Eintracht Braunschweig,德國丙組,3. Liga,67,66,65,66,40
樸茨茅夫,Portsmouth,英格蘭甲組足球聯賽,EFL League One,67,66,65,66,40
葉士域治,Ipswich Town,英格蘭甲組足球聯賽,EFL League One,67,66,65,66,40
費列活特,Fleetwood Town,英格蘭甲組足球聯賽,EFL League One,67,66,64,66,40
洛斯查蘭特,FC Nordsjælland,丹麥超級足球聯賽,3F Superliga,67,65,65,66,40
威斯特曼,Club Deportivo Jorge Wilstermann,Libertadores,Libertadores,67,64,67,66,40
比華倫,Waasland-Beveren,比利時甲組足球聯賽,Pro League,66,67,66,66,40
芬洛,VVV-Venlo,荷蘭甲組足球聯賽,Eredivisie,66,67,66,66,40
侯治柏度,Huachipato FC,智利甲組足球聯賽,Camp. AFP PlanVital,66,67,64,66,40
勒芒足球會,Le Mans FC,法國乙組足球聯賽,Domino’s Ligue 2,66,66,66,66,40
查多魯,La Berrichonne de Châteauroux,法國乙組足球聯賽,Domino’s Ligue 2,66,66,66,66,40
博托沙尼,Fotbal Club Botoșani,羅馬尼亞甲組足球聯賽,Liga I,66,66,64,66,40
洛達咸,Rotherham United,英格蘭甲組足球聯賽,EFL League One,66,65,66,66,40
安達赫治,SpVgg Unterhaching,德國丙組,3. Liga,66,65,65,66,40
奧連斯,US Orléans Loiret Football,法國乙組足球聯賽,Domino’s Ligue 2,66,65,63,66,40
聖加倫 1879,FC St. Gallen 1879,瑞士超級足球聯賽,RSL,65,68,65,66,40
帕斯度,Deportivo Pasto,哥倫比亞甲組足球聯賽,Liga Dimayor,65,67,67,66,40
牛津聯,Oxford United,英格蘭甲組足球聯賽,EFL League One,65,67,66,66,40
阿些斯奧,Athlétic Club Ajaccio,法國乙組足球聯賽,Domino’s Ligue 2,65,66,66,66,40
施拉斯克,Śląsk Wrocław,波蘭甲組足球聯賽,PKO Ekstraklasa,65,66,65,66,40
艾斯賓路拿,Unión Española,智利甲組足球聯賽,Camp. AFP PlanVital,65,65,66,66,40
沙斯辛,Pogoń Szczecin,波蘭甲組足球聯賽,PKO Ekstraklasa,65,65,66,66,40
赫根,BK Häcken,瑞典超級足球聯賽,Allsvenskan,65,65,66,66,40
南錫,AS Nancy Lorraine,法國乙組足球聯賽,Domino’s Ligue 2,65,65,65,66,40
幸運薛達,Fortuna Sittard,荷蘭甲組足球聯賽,Eredivisie,64,67,64,66,40
堤格雷,Club Atlético Tigre,Libertadores,Libertadores,64,60,64,66,40
奧達斯,Audax Italiano,智利甲組足球聯賽,Camp. AFP PlanVital,63,65,66,66,40
錫永,FC Sion,瑞士超級足球聯賽,RSL,61,70,65,66,40
蘇黎世,FC Zürich,瑞士超級足球聯賽,RSL,61,66,67,66,40
盧賓扎格列比,Zagłębie Lubin,波蘭甲組足球聯賽,PKO Ekstraklasa,61,66,66,66,40
河南建業足球俱樂部,Henan Jianye FC,中國超級足球聯賽,CSL,70,66,61,65,40
艾哈斯姆,Al Hazem,沙地阿拉伯職業足球聯賽,MBS Pro League,70,65,62,65,40
哥登堡,IFK Göteborg,瑞典超級足球聯賽,Allsvenskan,69,66,64,65,40
哈特堡,TSV Hartberg,奧地利職業聯賽,Ö. Bundesliga,69,65,65,65,40
西方聯,Western United FC,澳洲職業足球聯賽,Hyundai A-League,69,62,63,65,40
薩比利斯,Górnik Zabrze,波蘭甲組足球聯賽,PKO Ekstraklasa,68,65,65,65,40
艾特米拿,FC Admira Wacker Mödling,奧地利職業聯賽,Ö. Bundesliga,68,65,64,65,40
墨爾本勝利,Melbourne Victory,澳洲職業足球聯賽,Hyundai A-League,68,64,66,65,40
湘南比馬,Shonan Bellmare,日本職業足球甲組聯賽,Meiji Yasuda J1,68,64,64,65,40
尚州尚武足球會,Sangju Sangmu FC,韓國職業足球聯賽,K-League 1,67,65,65,65,40
馬格德堡,1. FC Magdeburg,德國丙組,3. Liga,67,65,64,65,40
亞塔奇,SCR Altach,奧地利職業聯賽,Ö. Bundesliga,67,65,64,65,40
阿利安薩,Alianza Petrolera,哥倫比亞甲組足球聯賽,Liga Dimayor,67,64,65,65,40
1860慕尼黑,TSV 1860 München,德國丙組,3. Liga,67,64,65,65,40
利雲斯頓,Livingston FC,蘇格蘭超級足球聯賽,Scottish Prem,67,64,64,65,40
保頓,Bolton Wanderers,英格蘭甲組足球聯賽,EFL League One,67,64,64,65,40
巴拉圭國民隊,Club Nacional,Sudamericana,Sudamericana,67,64,62,65,40
阿爾法斯,Al Fateh,沙地阿拉伯職業足球聯賽,MBS Pro League,67,63,64,65,40
慶南足球會,Gyeongnam FC,韓國職業足球聯賽,K-League 1,67,63,63,65,40
羅德茲,Rodez Aveyron Football,法國乙組足球聯賽,Domino’s Ligue 2,66,66,65,65,40
高雲地利,Coventry City,英格蘭甲組足球聯賽,EFL League One,66,66,65,65,40
布加勒斯特戴拿模,Fotbal Club Dinamo București,羅馬尼亞甲組足球聯賽,Liga I,66,66,64,65,40
RKC華域克,RKC Waalwijk,荷蘭甲組足球聯賽,Eredivisie,66,66,64,65,40
漢卡約,Sport Huancayo,Sudamericana,Sudamericana,66,66,63,65,40
沃倫塔里,Fotbal Club Voluntari,羅馬尼亞甲組足球聯賽,Liga I,66,66,63,65,40
華拉倫加,Vålerenga Fotball,挪威超級足球聯賽,Eliteserien,66,65,65,65,40
塞維特足球會,Servette FC,瑞士超級足球聯賽,RSL,66,65,65,65,40
凱沙羅頓,1. FC Kaiserslautern,德國丙組,3. Liga,66,65,65,65,40
黑池,Blackpool,英格蘭甲組足球聯賽,EFL League One,66,65,64,65,40
桑德捷斯基,SønderjyskE,丹麥超級足球聯賽,3F Superliga,66,65,64,65,40
維京,Viking FK,挪威超級足球聯賽,Eliteserien,66,65,64,65,40
烏丁根,KFC Uerdingen 05,德國丙組,3. Liga,66,64,66,65,40
WSG華登斯,WSG Swarovski Tirol,奧地利職業聯賽,Ö. Bundesliga,66,64,65,65,40
基多國民隊,Club Deportivo El Nacional,Sudamericana,Sudamericana,66,63,63,65,40
巴拉圭河床,Club River Plate Asunción,Sudamericana,Sudamericana,66,59,65,65,40
西悉尼流浪者,Western Sydney Wanderers,澳洲職業足球聯賽,Hyundai A-League,65,68,63,65,40
唐卡士打,Doncaster Rovers,英格蘭甲組足球聯賽,EFL League One,65,67,64,65,40
古里高聯,Curicó Unido,智利甲組足球聯賽,Camp. AFP PlanVital,65,66,64,65,40
華沙普洛克,Wisła Płock,波蘭甲組足球聯賽,PKO Ekstraklasa,65,66,64,65,40
拉巴斯準備,Club Always Ready,Sudamericana,Sudamericana,65,66,63,65,40
賈奎斯科爾多巴,Jaguares Fútbol Club,哥倫比亞甲組足球聯賽,Liga Dimayor,65,66,62,65,40
恩維加多,Envigado FC,哥倫比亞甲組足球聯賽,Liga Dimayor,65,66,61,65,40
梅彭,SV Meppen,德國丙組,3. Liga,65,65,66,65,40
奥卡斯,Sociedad Deportiva Aucas,Sudamericana,Sudamericana,65,65,65,65,40
韋甘比,Wycombe Wanderers,英格蘭甲組足球聯賽,EFL League One,65,65,65,65,40
梳士貝利,Shrewsbury,英格蘭甲組足球聯賽,EFL League One,65,65,65,65,40
格丁尼亞,Arka Gdynia,波蘭甲組足球聯賽,PKO Ekstraklasa,65,65,64,65,40
曼海姆,Sportverein Waldhof Mannheim 07 e.V.,德國丙組,3. Liga,65,65,64,65,40
賀利舒查,Hallescher FC,德國丙組,3. Liga,65,65,63,65,40
薩普斯堡,Sarpsborg 08 FF,挪威超級足球聯賽,Eliteserien,65,63,63,65,40
FC江原,Gangwon FC,韓國職業足球聯賽,K-League 1,64,67,65,65,40
科布雷素,CD Cobresal,智利甲組足球聯賽,Camp. AFP PlanVital,64,67,63,65,40
錢伯里,FC Chambly Oise,法國乙組足球聯賽,Domino’s Ligue 2,64,66,64,65,40
梅格,FBC Melgar,Sudamericana,Sudamericana,64,66,63,65,40
林肯城,Lincoln City,英格蘭甲組足球聯賽,EFL League One,64,66,63,65,40
基多天主教大學,C.D. Universidad Católica del Ecuador,Sudamericana,Sudamericana,64,65,65,65,40
施普斯,Sepsi OSK Sfântu Gheorghe,羅馬尼亞甲組足球聯賽,Liga I,64,65,64,65,40
聖莊士東,St. Johnstone FC,蘇格蘭超級足球聯賽,Scottish Prem,64,65,64,65,40
漢莎羅斯托克,FC Hansa Rostock,德國丙組,3. Liga,64,65,64,65,40
薛維卡,FSV Zwickau,德國丙組,3. Liga,64,65,63,65,40
蒙特維多利物浦,Liverpool Fútbol Club,Sudamericana,Sudamericana,64,64,63,65,40
鳥棲砂岩,Sagan Tosu,日本職業足球甲組聯賽,Meiji Yasuda J1,64,63,63,65,40
帕特里奧坦斯,Patriotas Boyacá FC,哥倫比亞甲組足球聯賽,Liga Dimayor,63,64,64,65,40
史達比克,Stabæk Fotball,挪威超級足球聯賽,Eliteserien,63,64,64,65,40
布里斯托流浪,Bristol Rovers,英格蘭甲組足球聯賽,EFL League One,62,65,63,65,40
芬斯,Centro Atlético Fénix,Sudamericana,Sudamericana,60,65,65,65,40
布卡拉曼加體育會,Atlético Bucaramanga,哥倫比亞甲組足球聯賽,Liga Dimayor,59,64,65,65,40
大連一方足球俱樂部隊,Dalian YiFang FC,中國超級足球聯賽,CSL,77,64,60,64,30
仁川聯,Incheon United FC,韓國職業足球聯賽,K-League 1,72,62,64,64,30
天津泰達足球俱樂部,Tianjin TEDA FC,中國超級足球聯賽,CSL,72,59,63,64,30
武漢卓爾,Wuhan Zall Professional FC,中國超級足球聯賽,CSL,71,62,63,64,30
達馬克,Damac FC,沙地阿拉伯職業足球聯賽,MBS Pro League,70,62,64,64,30
鄧達克,Dundalk,愛爾蘭超級足球聯賽,SSE Airtricity Lge,69,64,65,64,30
納沙泰爾,Neuchâtel Xamax FCS,瑞士超級足球聯賽,RSL,68,64,64,64,30
真尼沙,Chemnitzer FC,德國丙組,3. Liga,68,63,64,64,30
羅奇代爾,Rochdale,英格蘭甲組足球聯賽,EFL League One,67,65,64,64,30
哥羅那,Korona Kielce,波蘭甲組足球聯賽,PKO Ekstraklasa,67,64,62,64,30
拜仁慕尼黑二隊,FC Bayern München II,德國丙組,3. Liga,66,65,63,64,30
杜伊斯堡,MSV Duisburg,德國丙組,3. Liga,66,65,63,64,30
霍布羅,Hobro IK,丹麥超級足球聯賽,3F Superliga,66,64,63,64,30
聖普爾頓,spusu SKN St. Pölten,奧地利職業聯賽,Ö. Bundesliga,66,64,63,64,30
燦美爾,Tranmere Rovers,英格蘭甲組足球聯賽,EFL League One,66,64,63,64,30
史雲頓,Swindon Town,英格蘭乙組足球聯賽,EFL League Two,66,64,63,64,30
岩田,Júbilo Iwata,日本職業足球甲組聯賽,Meiji Yasuda J1,66,64,62,64,30
松本山雅,Matsumoto Yamaga F.C.,日本職業足球甲組聯賽,Meiji Yasuda J1,66,63,64,64,30
FC大邱,Daegu FC,韓國職業足球聯賽,K-League 1,66,63,61,64,30
沙福特城,Salford City,英格蘭乙組足球聯賽,EFL League Two,65,66,63,64,30
拉德,Al Raed,沙地阿拉伯職業足球聯賽,MBS Pro League,65,66,63,64,30
阿德萊德聯,Adelaide United,澳洲職業足球聯賽,Hyundai A-League,65,66,63,64,30
雅西,Fotbal Club Politehnica Iași,羅馬尼亞甲組足球聯賽,Liga I,65,65,64,64,30
杜安,FC Thun,瑞士超級足球聯賽,RSL,65,65,64,64,30
河床,Club Atlético River Plate,Sudamericana,Sudamericana,65,65,63,64,30
伯頓,Burton Albion,英格蘭甲組足球聯賽,EFL League One,65,65,63,64,30
馬特斯堡,SV Mattersburg,奧地利職業聯賽,Ö. Bundesliga,65,65,63,64,30
庫斯科,Cusco Fútbol Club,Sudamericana,Sudamericana,65,64,65,64,30
米爾頓凱恩斯,Milton Keynes Dons,英格蘭甲組足球聯賽,EFL League One,65,64,64,64,30
靴曼斯塔特,Asociația Fotbal Club Hermannstadt,羅馬尼亞甲組足球聯賽,Liga I,65,64,63,64,30
維多利亞科隆,Fußballclub Viktoria Köln 1904 e.V.,德國丙組,3. Liga,65,64,62,64,30
FC城南,Seongnam FC,韓國職業足球聯賽,K-League 1,65,64,61,64,30
琴希托霍瓦,RKS Raków Częstochowa SA,波蘭甲組足球聯賽,PKO Ekstraklasa,65,63,64,64,30
希爾星堡,Helsingborgs IF,瑞典超級足球聯賽,Allsvenskan,65,62,65,64,30
邦明,"Club Social, Cultural y Deportivo Blooming",Sudamericana,Sudamericana,65,62,62,64,30
古古達,Cúcuta Deportivo,哥倫比亞甲組足球聯賽,Liga Dimayor,65,61,64,64,30
波杜基林特,FK Bodø/Glimt,挪威超級足球聯賽,Eliteserien,64,66,65,64,30
紐卡素噴射機,Newcastle Jets,澳洲職業足球聯賽,Hyundai A-League,64,66,64,64,30
禾斯貝加踢球者,FC Würzburger Kickers,德國丙組,3. Liga,64,66,64,64,30
索爾德阿美利加,Club Sol de América,Sudamericana,Sudamericana,64,65,64,64,30
蘭達斯,Randers FC,丹麥超級足球聯賽,3F Superliga,64,64,65,64,30
高車士打,Colchester United,英格蘭乙組足球聯賽,EFL League Two,64,64,64,64,30
基斯迪辛特,Kristiansund BK,挪威超級足球聯賽,Eliteserien,64,63,64,64,30
艾夫斯堡,IF Elfsborg,瑞典超級足球聯賽,Allsvenskan,63,66,64,64,30
奧特足球會,Odds BK,挪威超級足球聯賽,Eliteserien,63,63,66,64,30
史卓加斯特,Strømsgodset IF,挪威超級足球聯賽,Eliteserien,63,63,65,64,30
赫爾辛基,HJK Helsinki,世界其他地方,Rest of World,62,65,63,64,30
康塞普森大學,CD Universidad de Concepción,智利甲組足球聯賽,Camp. AFP PlanVital,62,65,61,64,30
高隆尼亞,Club Plaza de Deportes Colonia,Sudamericana,Sudamericana,62,64,65,64,30
格連森林,Forest Green Rovers,英格蘭乙組足球聯賽,EFL League Two,61,65,63,64,30
重慶當代力帆足球俱樂部斯威隊,Chongqing Dangdai Lifan FC SWM Team,中國超級足球聯賽,CSL,66,63,58,63,30
沙姆洛克流浪,Shamrock Rovers,愛爾蘭超級足球聯賽,SSE Airtricity Lge,65,63,63,63,30
奧利恩特,Club Deportivo Oriente Petrolero,Sudamericana,Sudamericana,65,63,61,63,30
格勞體育會,Club Atlético Grau,Sudamericana,Sudamericana,65,62,60,63,30
卡拉卡斯,Caracas Fútbol Club,Libertadores,Libertadores,64,64,63,63,30
艾亞達拿,Al Adalah Club,沙地阿拉伯職業足球聯賽,MBS Pro League,64,64,62,63,30
米拿羅斯,Mineros de Guayana,Sudamericana,Sudamericana,64,64,61,63,30
埃克塞特,Exeter City,英格蘭乙組足球聯賽,EFL League Two,64,63,64,63,30
阿克寧頓,Accrington Stanley,英格蘭甲組足球聯賽,EFL League One,64,63,63,63,30
華拿古斯,Tiburones Rojos de Veracruz,墨西哥超級足球聯賽,LIGA BBVA MX,64,63,63,63,30
布里斯班獅吼,Brisbane Roar,澳洲職業足球聯賽,Hyundai A-League,64,63,62,63,30
聖美倫,St. Mirren,蘇格蘭超級足球聯賽,Scottish Prem,64,63,60,63,30
卡爾斯耶拿,FC Carl Zeiss Jena,德國丙組,3. Liga,64,62,64,63,30
桑尼賀夫哥沙柏,SG Sonnenhof Großaspach,德國丙組,3. Liga,64,62,63,63,30
曼斯菲,Mansfield Town,英格蘭乙組足球聯賽,EFL League Two,64,62,63,63,30
AFC溫布頓,AFC Wimbledon,英格蘭甲組足球聯賽,EFL League One,64,62,62,63,30
斯肯索普,Scunthorpe United,英格蘭乙組足球聯賽,EFL League Two,64,62,62,63,30
辛斯華爾,GIF Sundsvall,瑞典超級足球聯賽,Allsvenskan,64,62,62,63,30
天狼星,IK Sirius,瑞典超級足球聯賽,Allsvenskan,63,64,64,63,30
普斯辛蒙斯達,SC Preußen Münster,德國丙組,3. Liga,63,64,64,63,30
寧比,Lyngby BK,丹麥超級足球聯賽,3F Superliga,63,64,62,63,30
霍爾森斯,AC Horsens,丹麥超級足球聯賽,3F Superliga,63,63,64,63,30
巴拉福特,Bradford City,英格蘭乙組足球聯賽,EFL League Two,63,63,63,63,30
基寧咸,Gillingham,英格蘭甲組足球聯賽,EFL League One,63,63,63,63,30
奧雷布洛,Örebro SK,瑞典超級足球聯賽,Allsvenskan,63,63,63,63,30
羅斯郡,Ross County FC,蘇格蘭超級足球聯賽,Scottish Prem,63,63,63,63,30
修安聯,Southend United,英格蘭甲組足球聯賽,EFL League One,63,60,61,63,30
國民普托斯,Club Atlético Nacional Potosí,Sudamericana,Sudamericana,62,65,63,63,30
侯格辛特,FK Haugesund,挪威超級足球聯賽,Eliteserien,62,64,64,63,30
艾卜哈,Abha Club,沙地阿拉伯職業足球聯賽,MBS Pro League,62,64,63,63,30
普利茅夫,Plymouth Argyle,英格蘭乙組足球聯賽,EFL League Two,62,63,65,63,30
諾咸頓,Northampton Town,英格蘭乙組足球聯賽,EFL League Two,62,63,63,63,30
維爾港,Port Vale,英格蘭乙組足球聯賽,EFL League Two,62,63,63,63,30
華素爾,Walsall,英格蘭乙組足球聯賽,EFL League Two,62,63,63,63,30
中岸水手,Central Coast Mariners,澳洲職業足球聯賽,Hyundai A-League,62,63,62,63,30
舒連迪亞,AFC Chindia Târgoviște,羅馬尼亞甲組足球聯賽,Liga I,62,62,62,63,30
基連辛尼學院,Fotbal Club Academica Clinceni,羅馬尼亞甲組足球聯賽,Liga I,62,61,62,63,30
梅里達學生隊,Estudiantes de Mérida,Libertadores,Libertadores,61,64,61,63,30
河北華夏幸福足球俱樂部隊,Hebei China Fortune FC,中國超級足球聯賽,CSL,69,56,65,62,20
希拿體育會,Atlético Huila,哥倫比亞甲組足球聯賽,Liga Dimayor,67,60,62,62,20
利尼史特朗,Lillestrøm SK,挪威超級足球聯賽,Eliteserien,63,64,63,62,20
克魯,Crewe Alexandra,英格蘭乙組足球聯賽,EFL League Two,63,63,62,62,20
車頓咸,Cheltenham Town,英格蘭乙組足球聯賽,EFL League Two,63,62,63,62,20
甘士比,Grimsby Town,英格蘭乙組足球聯賽,EFL League Two,63,62,61,62,20
卡素爾,Carlisle United,英格蘭乙組足球聯賽,EFL League Two,63,61,61,62,20
卡爾馬,Kalmar FF,瑞典超級足球聯賽,Allsvenskan,62,63,63,62,20
阿拉瓜,Aragua Fútbol Club,Sudamericana,Sudamericana,62,62,62,62,20
卡維尼,Crawley Town,英格蘭乙組足球聯賽,EFL League Two,62,62,61,62,20
施克堡,Silkeborg IF,丹麥超級足球聯賽,3F Superliga,62,61,62,62,20
史提芬納治,Stevenage,英格蘭乙組足球聯賽,EFL League Two,62,59,62,62,20
莫達倫,Mjøndalen IF,挪威超級足球聯賽,Eliteserien,61,63,62,62,20
奧咸,Oldham Athletic,英格蘭乙組足球聯賽,EFL League Two,61,63,62,62,20
雲希姆,Ranheim Fotball,挪威超級足球聯賽,Eliteserien,61,63,61,62,20
紐波特郡,Newport County,英格蘭乙組足球聯賽,EFL League Two,61,61,62,62,20
奧連特,Leyton Orient,英格蘭乙組足球聯賽,EFL League Two,61,60,61,62,20
ŁKS羅玆,ŁKS Łódź,波蘭甲組足球聯賽,PKO Ekstraklasa,61,59,61,62,20
特林素,Tromsø IL,挪威超級足球聯賽,Eliteserien,60,63,63,62,20
奧斯特桑斯足球會,Östersunds FK,瑞典超級足球聯賽,Allsvenskan,60,63,62,62,20
咸美頓,Hamilton Academical FC,蘇格蘭超級足球聯賽,Scottish Prem,60,62,62,62,20
曼達朗拿,Club Unión Magdalena S.A,哥倫比亞甲組足球聯賽,Liga Dimayor,62,62,60,61,20
路昆奴,Club Sportivo Luqueño,Sudamericana,Sudamericana,62,60,61,61,20
摩甘比,Morecambe,英格蘭乙組足球聯賽,EFL League Two,61,62,60,61,20
劍橋聯,Cambridge United,英格蘭乙組足球聯賽,EFL League Two,61,61,59,61,20
薩馬拉,Zamora Fútbol Club,Sudamericana,Sudamericana,61,60,61,61,20
馬格斯菲特,Macclesfield Town,英格蘭乙組足球聯賽,EFL League Two,61,60,61,61,20
科根堡,Falkenbergs FF,瑞典超級足球聯賽,Allsvenskan,59,62,62,61,20
天津天海,Tianjin Tianhai FC,中國超級足球聯賽,CSL,65,57,60,60,20
布咸美恩斯,Bohemian FC,愛爾蘭超級足球聯賽,SSE Airtricity Lge,61,61,59,60,20
拉尼羅斯,Llaneros Escuela de Fútbol,Sudamericana,Sudamericana,61,60,60,60,20
艾斯基斯杜拿,AFC Eskilstuna,瑞典超級足球聯賽,Allsvenskan,61,59,59,60,20
聖巴特里,St. Patrick's Athletic,愛爾蘭超級足球聯賽,SSE Airtricity Lge,60,61,60,60,20
FC 深圳,Shenzen FC,中國超級足球聯賽,CSL,69,62,56,59,10
德利城,Derry City,愛爾蘭超級足球聯賽,SSE Airtricity Lge,62,59,59,59,10
貝利,Bury,英格蘭甲組足球聯賽,EFL League One,59,59,58,59,10
北京人和足球俱樂部隊,Beijing Renhe FC,中國超級足球聯賽,CSL,60,58,57,58,10
施利高流浪,Sligo Rovers,愛爾蘭超級足球聯賽,SSE Airtricity Lge,55,58,58,58,10
曲克城,Cork City,愛爾蘭超級足球聯賽,SSE Airtricity Lge,56,56,55,56,10
禾達福特,Waterford FC,愛爾蘭超級足球聯賽,SSE Airtricity Lge,55,56,57,56,10
費恩夏普,Finn Harps,愛爾蘭超級足球聯賽,SSE Airtricity Lge,55,56,56,56,10
都柏林大學,UCD AFC,愛爾蘭超級足球聯賽,SSE Airtricity Lge,54,54,53,53,10
自由身球員,Free Agents,自由身球員,Free Agents,0,0,0,0,10
